Time,Monday,Tuesday,Wednesday,Thursday,Friday,Saturday
08:00-09:00,CS6101/R-001/001,,CS6102/R-001/001,,CS6103/R-001/001,
09:00-10:00,CS6101/R-001/001,CS6104/R-001/001,CS6102/R-001/001,,CS6103/R-001/001,
10:00-11:00,,CS6104/R-001/001,,CS6105/R-001/001,,
11:00-12:00,CS6106/R-001/001,,,CS6105/R-001/001,,
12:00-13:00,,,,,,
13:00-14:00,,CS6107/R-001/001,CS6108/R-001/001,,,CS6109/R-001/001
14:00-15:00,,CS6107/R-001/001,CS6108/R-001/001,CS6110/R-001/001,,CS6109/R-001/001
15:00-16:00,CS6111/R-001/001,,,CS6110/R-001/001,,
16:00-17:00,CS6111/R-001/001,,,,CS6112/R-001/001,
